step,tag,value
0,node_t001-nxcore_energy,0.8496599793434143
1,node_t001-nxcore_energy,0.6913899779319763
2,node_t001-nxcore_energy,0.7663599848747253
3,node_t001-nxcore_energy,0.6913899779319763
4,node_t001-nxcore_energy,0.7663599848747253
5,node_t001-nxcore_energy,0.6913899779319763
6,node_t001-nxcore_energy,0.7663599848747253
7,node_t001-nxcore_energy,0.6913899779319763
8,node_t001-nxcore_energy,0.7663599848747253
9,node_t001-nxcore_energy,0.6913899779319763
10,node_t001-nxcore_energy,0.8496599793434143
11,node_t001-nxcore_energy,0.6913899779319763
12,node_t001-nxcore_energy,0.7663599848747253
13,node_t001-nxcore_energy,0.6913899779319763
14,node_t001-nxcore_energy,0.7663599848747253
15,node_t001-nxcore_energy,0.6913899779319763
16,node_t001-nxcore_energy,0.7663599848747253
17,node_t001-nxcore_energy,0.6913899779319763
18,node_t001-nxcore_energy,0.7663599848747253
19,node_t001-nxcore_energy,0.6913899779319763
20,node_t001-nxcore_energy,0.8496599793434143
21,node_t001-nxcore_energy,0.6913899779319763
22,node_t001-nxcore_energy,0.7663599848747253
23,node_t001-nxcore_energy,0.6913899779319763
24,node_t001-nxcore_energy,0.7663599848747253
25,node_t001-nxcore_energy,0.6913899779319763
26,node_t001-nxcore_energy,0.7663599848747253
27,node_t001-nxcore_energy,0.6913899779319763
28,node_t001-nxcore_energy,0.7663599848747253
29,node_t001-nxcore_energy,0.6913899779319763
30,node_t001-nxcore_energy,0.8496599793434143
31,node_t001-nxcore_energy,0.6913899779319763
32,node_t001-nxcore_energy,0.7663599848747253
33,node_t001-nxcore_energy,0.6913899779319763
34,node_t001-nxcore_energy,0.7663599848747253
35,node_t001-nxcore_energy,0.6913899779319763
36,node_t001-nxcore_energy,0.7663599848747253
37,node_t001-nxcore_energy,0.6913899779319763
38,node_t001-nxcore_energy,0.7663599848747253
39,node_t001-nxcore_energy,0.6913899779319763
40,node_t001-nxcore_energy,0.8496599793434143
41,node_t001-nxcore_energy,0.6913899779319763
42,node_t001-nxcore_energy,0.7663599848747253
43,node_t001-nxcore_energy,0.6913899779319763
44,node_t001-nxcore_energy,0.7663599848747253
45,node_t001-nxcore_energy,0.6913899779319763
46,node_t001-nxcore_energy,0.7663599848747253
47,node_t001-nxcore_energy,0.6913899779319763
48,node_t001-nxcore_energy,0.7663599848747253
49,node_t001-nxcore_energy,0.6913899779319763
0,node_t001-nxcore_cpu,3100.0
1,node_t001-nxcore_cpu,2000.0
2,node_t001-nxcore_cpu,2500.0
3,node_t001-nxcore_cpu,2000.0
4,node_t001-nxcore_cpu,2500.0
5,node_t001-nxcore_cpu,2000.0
6,node_t001-nxcore_cpu,2500.0
7,node_t001-nxcore_cpu,2000.0
8,node_t001-nxcore_cpu,2500.0
9,node_t001-nxcore_cpu,2000.0
10,node_t001-nxcore_cpu,3100.0
11,node_t001-nxcore_cpu,2000.0
12,node_t001-nxcore_cpu,2500.0
13,node_t001-nxcore_cpu,2000.0
14,node_t001-nxcore_cpu,2500.0
15,node_t001-nxcore_cpu,2000.0
16,node_t001-nxcore_cpu,2500.0
17,node_t001-nxcore_cpu,2000.0
18,node_t001-nxcore_cpu,2500.0
19,node_t001-nxcore_cpu,2000.0
20,node_t001-nxcore_cpu,3100.0
21,node_t001-nxcore_cpu,2000.0
22,node_t001-nxcore_cpu,2500.0
23,node_t001-nxcore_cpu,2000.0
24,node_t001-nxcore_cpu,2500.0
25,node_t001-nxcore_cpu,2000.0
26,node_t001-nxcore_cpu,2500.0
27,node_t001-nxcore_cpu,2000.0
28,node_t001-nxcore_cpu,2500.0
29,node_t001-nxcore_cpu,2000.0
30,node_t001-nxcore_cpu,3100.0
31,node_t001-nxcore_cpu,2000.0
32,node_t001-nxcore_cpu,2500.0
33,node_t001-nxcore_cpu,2000.0
34,node_t001-nxcore_cpu,2500.0
35,node_t001-nxcore_cpu,2000.0
36,node_t001-nxcore_cpu,2500.0
37,node_t001-nxcore_cpu,2000.0
38,node_t001-nxcore_cpu,2500.0
39,node_t001-nxcore_cpu,2000.0
40,node_t001-nxcore_cpu,3100.0
41,node_t001-nxcore_cpu,2000.0
42,node_t001-nxcore_cpu,2500.0
43,node_t001-nxcore_cpu,2000.0
44,node_t001-nxcore_cpu,2500.0
45,node_t001-nxcore_cpu,2000.0
46,node_t001-nxcore_cpu,2500.0
47,node_t001-nxcore_cpu,2000.0
48,node_t001-nxcore_cpu,2500.0
49,node_t001-nxcore_cpu,2000.0
0,node_t001-nxcore_memory,3441426432.0
1,node_t001-nxcore_memory,3221225472.0
2,node_t001-nxcore_memory,3695181824.0
3,node_t001-nxcore_memory,3221225472.0
4,node_t001-nxcore_memory,3695181824.0
5,node_t001-nxcore_memory,3221225472.0
6,node_t001-nxcore_memory,3695181824.0
7,node_t001-nxcore_memory,3221225472.0
8,node_t001-nxcore_memory,3695181824.0
9,node_t001-nxcore_memory,3221225472.0
10,node_t001-nxcore_memory,3441426432.0
11,node_t001-nxcore_memory,3221225472.0
12,node_t001-nxcore_memory,3695181824.0
13,node_t001-nxcore_memory,3221225472.0
14,node_t001-nxcore_memory,3695181824.0
15,node_t001-nxcore_memory,3221225472.0
16,node_t001-nxcore_memory,3695181824.0
17,node_t001-nxcore_memory,3221225472.0
18,node_t001-nxcore_memory,3695181824.0
19,node_t001-nxcore_memory,3221225472.0
20,node_t001-nxcore_memory,3441426432.0
21,node_t001-nxcore_memory,3221225472.0
22,node_t001-nxcore_memory,3695181824.0
23,node_t001-nxcore_memory,3221225472.0
24,node_t001-nxcore_memory,3695181824.0
25,node_t001-nxcore_memory,3221225472.0
26,node_t001-nxcore_memory,3695181824.0
27,node_t001-nxcore_memory,3221225472.0
28,node_t001-nxcore_memory,3695181824.0
29,node_t001-nxcore_memory,3221225472.0
30,node_t001-nxcore_memory,3441426432.0
31,node_t001-nxcore_memory,3221225472.0
32,node_t001-nxcore_memory,3695181824.0
33,node_t001-nxcore_memory,3221225472.0
34,node_t001-nxcore_memory,3695181824.0
35,node_t001-nxcore_memory,3221225472.0
36,node_t001-nxcore_memory,3695181824.0
37,node_t001-nxcore_memory,3221225472.0
38,node_t001-nxcore_memory,3695181824.0
39,node_t001-nxcore_memory,3221225472.0
40,node_t001-nxcore_memory,3441426432.0
41,node_t001-nxcore_memory,3221225472.0
42,node_t001-nxcore_memory,3695181824.0
43,node_t001-nxcore_memory,3221225472.0
44,node_t001-nxcore_memory,3695181824.0
45,node_t001-nxcore_memory,3221225472.0
46,node_t001-nxcore_memory,3695181824.0
47,node_t001-nxcore_memory,3221225472.0
48,node_t001-nxcore_memory,3695181824.0
49,node_t001-nxcore_memory,3221225472.0
0,node_t001-nxcore_power,10.199999809265137
1,node_t001-nxcore_power,8.300000190734863
2,node_t001-nxcore_power,9.199999809265137
3,node_t001-nxcore_power,8.300000190734863
4,node_t001-nxcore_power,9.199999809265137
5,node_t001-nxcore_power,8.300000190734863
6,node_t001-nxcore_power,9.199999809265137
7,node_t001-nxcore_power,8.300000190734863
8,node_t001-nxcore_power,9.199999809265137
9,node_t001-nxcore_power,8.300000190734863
10,node_t001-nxcore_power,10.199999809265137
11,node_t001-nxcore_power,8.300000190734863
12,node_t001-nxcore_power,9.199999809265137
13,node_t001-nxcore_power,8.300000190734863
14,node_t001-nxcore_power,9.199999809265137
15,node_t001-nxcore_power,8.300000190734863
16,node_t001-nxcore_power,9.199999809265137
17,node_t001-nxcore_power,8.300000190734863
18,node_t001-nxcore_power,9.199999809265137
19,node_t001-nxcore_power,8.300000190734863
20,node_t001-nxcore_power,10.199999809265137
21,node_t001-nxcore_power,8.300000190734863
22,node_t001-nxcore_power,9.199999809265137
23,node_t001-nxcore_power,8.300000190734863
24,node_t001-nxcore_power,9.199999809265137
25,node_t001-nxcore_power,8.300000190734863
26,node_t001-nxcore_power,9.199999809265137
27,node_t001-nxcore_power,8.300000190734863
28,node_t001-nxcore_power,9.199999809265137
29,node_t001-nxcore_power,8.300000190734863
30,node_t001-nxcore_power,10.199999809265137
31,node_t001-nxcore_power,8.300000190734863
32,node_t001-nxcore_power,9.199999809265137
33,node_t001-nxcore_power,8.300000190734863
34,node_t001-nxcore_power,9.199999809265137
35,node_t001-nxcore_power,8.300000190734863
36,node_t001-nxcore_power,9.199999809265137
37,node_t001-nxcore_power,8.300000190734863
38,node_t001-nxcore_power,9.199999809265137
39,node_t001-nxcore_power,8.300000190734863
40,node_t001-nxcore_power,10.199999809265137
41,node_t001-nxcore_power,8.300000190734863
42,node_t001-nxcore_power,9.199999809265137
43,node_t001-nxcore_power,8.300000190734863
44,node_t001-nxcore_power,9.199999809265137
45,node_t001-nxcore_power,8.300000190734863
46,node_t001-nxcore_power,9.199999809265137
47,node_t001-nxcore_power,8.300000190734863
48,node_t001-nxcore_power,9.199999809265137
49,node_t001-nxcore_power,8.300000190734863
0,node_t001-nxcore_power_moving_average,10.199999809265137
1,node_t001-nxcore_power_moving_average,8.300000190734863
2,node_t001-nxcore_power_moving_average,9.199999809265137
3,node_t001-nxcore_power_moving_average,8.300000190734863
4,node_t001-nxcore_power_moving_average,9.199999809265137
5,node_t001-nxcore_power_moving_average,8.300000190734863
6,node_t001-nxcore_power_moving_average,9.199999809265137
7,node_t001-nxcore_power_moving_average,8.300000190734863
8,node_t001-nxcore_power_moving_average,9.199999809265137
9,node_t001-nxcore_power_moving_average,8.300000190734863
10,node_t001-nxcore_power_moving_average,10.199999809265137
11,node_t001-nxcore_power_moving_average,8.300000190734863
12,node_t001-nxcore_power_moving_average,9.199999809265137
13,node_t001-nxcore_power_moving_average,8.300000190734863
14,node_t001-nxcore_power_moving_average,9.199999809265137
15,node_t001-nxcore_power_moving_average,8.300000190734863
16,node_t001-nxcore_power_moving_average,9.199999809265137
17,node_t001-nxcore_power_moving_average,8.300000190734863
18,node_t001-nxcore_power_moving_average,9.199999809265137
19,node_t001-nxcore_power_moving_average,8.300000190734863
20,node_t001-nxcore_power_moving_average,10.199999809265137
21,node_t001-nxcore_power_moving_average,8.300000190734863
22,node_t001-nxcore_power_moving_average,9.199999809265137
23,node_t001-nxcore_power_moving_average,8.300000190734863
24,node_t001-nxcore_power_moving_average,9.199999809265137
25,node_t001-nxcore_power_moving_average,8.300000190734863
26,node_t001-nxcore_power_moving_average,9.199999809265137
27,node_t001-nxcore_power_moving_average,8.300000190734863
28,node_t001-nxcore_power_moving_average,9.199999809265137
29,node_t001-nxcore_power_moving_average,8.300000190734863
30,node_t001-nxcore_power_moving_average,10.199999809265137
31,node_t001-nxcore_power_moving_average,8.300000190734863
32,node_t001-nxcore_power_moving_average,9.199999809265137
33,node_t001-nxcore_power_moving_average,8.300000190734863
34,node_t001-nxcore_power_moving_average,9.199999809265137
35,node_t001-nxcore_power_moving_average,8.300000190734863
36,node_t001-nxcore_power_moving_average,9.199999809265137
37,node_t001-nxcore_power_moving_average,8.300000190734863
38,node_t001-nxcore_power_moving_average,9.199999809265137
39,node_t001-nxcore_power_moving_average,8.300000190734863
40,node_t001-nxcore_power_moving_average,10.199999809265137
41,node_t001-nxcore_power_moving_average,8.300000190734863
42,node_t001-nxcore_power_moving_average,9.199999809265137
43,node_t001-nxcore_power_moving_average,8.300000190734863
44,node_t001-nxcore_power_moving_average,9.199999809265137
45,node_t001-nxcore_power_moving_average,8.300000190734863
46,node_t001-nxcore_power_moving_average,9.199999809265137
47,node_t001-nxcore_power_moving_average,8.300000190734863
48,node_t001-nxcore_power_moving_average,9.199999809265137
49,node_t001-nxcore_power_moving_average,8.300000190734863
0,node_t001-nxcore_finished_workloads,3.0
1,node_t001-nxcore_finished_workloads,4.0
2,node_t001-nxcore_finished_workloads,6.0
3,node_t001-nxcore_finished_workloads,7.0
4,node_t001-nxcore_finished_workloads,9.0
5,node_t001-nxcore_finished_workloads,10.0
6,node_t001-nxcore_finished_workloads,12.0
7,node_t001-nxcore_finished_workloads,13.0
8,node_t001-nxcore_finished_workloads,15.0
9,node_t001-nxcore_finished_workloads,16.0
10,node_t001-nxcore_finished_workloads,19.0
11,node_t001-nxcore_finished_workloads,20.0
12,node_t001-nxcore_finished_workloads,22.0
13,node_t001-nxcore_finished_workloads,23.0
14,node_t001-nxcore_finished_workloads,25.0
15,node_t001-nxcore_finished_workloads,26.0
16,node_t001-nxcore_finished_workloads,28.0
17,node_t001-nxcore_finished_workloads,29.0
18,node_t001-nxcore_finished_workloads,31.0
19,node_t001-nxcore_finished_workloads,32.0
20,node_t001-nxcore_finished_workloads,35.0
21,node_t001-nxcore_finished_workloads,36.0
22,node_t001-nxcore_finished_workloads,38.0
23,node_t001-nxcore_finished_workloads,39.0
24,node_t001-nxcore_finished_workloads,41.0
25,node_t001-nxcore_finished_workloads,42.0
26,node_t001-nxcore_finished_workloads,44.0
27,node_t001-nxcore_finished_workloads,45.0
28,node_t001-nxcore_finished_workloads,47.0
29,node_t001-nxcore_finished_workloads,48.0
30,node_t001-nxcore_finished_workloads,51.0
31,node_t001-nxcore_finished_workloads,52.0
32,node_t001-nxcore_finished_workloads,54.0
33,node_t001-nxcore_finished_workloads,55.0
34,node_t001-nxcore_finished_workloads,57.0
35,node_t001-nxcore_finished_workloads,58.0
36,node_t001-nxcore_finished_workloads,60.0
37,node_t001-nxcore_finished_workloads,61.0
38,node_t001-nxcore_finished_workloads,63.0
39,node_t001-nxcore_finished_workloads,64.0
40,node_t001-nxcore_finished_workloads,67.0
41,node_t001-nxcore_finished_workloads,68.0
42,node_t001-nxcore_finished_workloads,70.0
43,node_t001-nxcore_finished_workloads,71.0
44,node_t001-nxcore_finished_workloads,73.0
45,node_t001-nxcore_finished_workloads,74.0
46,node_t001-nxcore_finished_workloads,76.0
47,node_t001-nxcore_finished_workloads,77.0
48,node_t001-nxcore_finished_workloads,79.0
49,node_t001-nxcore_finished_workloads,80.0
0,node_t001-nxcore_running_workloads,0.0
1,node_t001-nxcore_running_workloads,0.0
2,node_t001-nxcore_running_workloads,0.0
3,node_t001-nxcore_running_workloads,0.0
4,node_t001-nxcore_running_workloads,0.0
5,node_t001-nxcore_running_workloads,0.0
6,node_t001-nxcore_running_workloads,0.0
7,node_t001-nxcore_running_workloads,0.0
8,node_t001-nxcore_running_workloads,0.0
9,node_t001-nxcore_running_workloads,0.0
10,node_t001-nxcore_running_workloads,0.0
11,node_t001-nxcore_running_workloads,0.0
12,node_t001-nxcore_running_workloads,0.0
13,node_t001-nxcore_running_workloads,0.0
14,node_t001-nxcore_running_workloads,0.0
15,node_t001-nxcore_running_workloads,0.0
16,node_t001-nxcore_running_workloads,0.0
17,node_t001-nxcore_running_workloads,0.0
18,node_t001-nxcore_running_workloads,0.0
19,node_t001-nxcore_running_workloads,0.0
20,node_t001-nxcore_running_workloads,0.0
21,node_t001-nxcore_running_workloads,0.0
22,node_t001-nxcore_running_workloads,0.0
23,node_t001-nxcore_running_workloads,0.0
24,node_t001-nxcore_running_workloads,0.0
25,node_t001-nxcore_running_workloads,0.0
26,node_t001-nxcore_running_workloads,0.0
27,node_t001-nxcore_running_workloads,0.0
28,node_t001-nxcore_running_workloads,0.0
29,node_t001-nxcore_running_workloads,0.0
30,node_t001-nxcore_running_workloads,0.0
31,node_t001-nxcore_running_workloads,0.0
32,node_t001-nxcore_running_workloads,0.0
33,node_t001-nxcore_running_workloads,0.0
34,node_t001-nxcore_running_workloads,0.0
35,node_t001-nxcore_running_workloads,0.0
36,node_t001-nxcore_running_workloads,0.0
37,node_t001-nxcore_running_workloads,0.0
38,node_t001-nxcore_running_workloads,0.0
39,node_t001-nxcore_running_workloads,0.0
40,node_t001-nxcore_running_workloads,0.0
41,node_t001-nxcore_running_workloads,0.0
42,node_t001-nxcore_running_workloads,0.0
43,node_t001-nxcore_running_workloads,0.0
44,node_t001-nxcore_running_workloads,0.0
45,node_t001-nxcore_running_workloads,0.0
46,node_t001-nxcore_running_workloads,0.0
47,node_t001-nxcore_running_workloads,0.0
48,node_t001-nxcore_running_workloads,0.0
49,node_t001-nxcore_running_workloads,0.0
0,node_t002-nxcore_energy,0.7663599848747253
1,node_t002-nxcore_energy,0.5581099987030029
2,node_t002-nxcore_energy,0.8330000042915344
3,node_t002-nxcore_energy,0.5581099987030029
4,node_t002-nxcore_energy,0.8330000042915344
5,node_t002-nxcore_energy,0.5581099987030029
6,node_t002-nxcore_energy,0.8330000042915344
7,node_t002-nxcore_energy,0.5581099987030029
8,node_t002-nxcore_energy,0.8330000042915344
9,node_t002-nxcore_energy,0.5581099987030029
10,node_t002-nxcore_energy,0.7663599848747253
11,node_t002-nxcore_energy,0.5581099987030029
12,node_t002-nxcore_energy,0.8330000042915344
13,node_t002-nxcore_energy,0.5581099987030029
14,node_t002-nxcore_energy,0.8330000042915344
15,node_t002-nxcore_energy,0.5581099987030029
16,node_t002-nxcore_energy,0.8330000042915344
17,node_t002-nxcore_energy,0.5581099987030029
18,node_t002-nxcore_energy,0.8330000042915344
19,node_t002-nxcore_energy,0.5581099987030029
20,node_t002-nxcore_energy,0.7663599848747253
21,node_t002-nxcore_energy,0.5581099987030029
22,node_t002-nxcore_energy,0.8330000042915344
23,node_t002-nxcore_energy,0.5581099987030029
24,node_t002-nxcore_energy,0.8330000042915344
25,node_t002-nxcore_energy,0.5581099987030029
26,node_t002-nxcore_energy,0.8330000042915344
27,node_t002-nxcore_energy,0.5581099987030029
28,node_t002-nxcore_energy,0.8330000042915344
29,node_t002-nxcore_energy,0.5581099987030029
30,node_t002-nxcore_energy,0.7663599848747253
31,node_t002-nxcore_energy,0.5581099987030029
32,node_t002-nxcore_energy,0.8330000042915344
33,node_t002-nxcore_energy,0.5581099987030029
34,node_t002-nxcore_energy,0.8330000042915344
35,node_t002-nxcore_energy,0.5581099987030029
36,node_t002-nxcore_energy,0.8330000042915344
37,node_t002-nxcore_energy,0.5581099987030029
38,node_t002-nxcore_energy,0.8330000042915344
39,node_t002-nxcore_energy,0.5581099987030029
40,node_t002-nxcore_energy,0.7663599848747253
41,node_t002-nxcore_energy,0.5581099987030029
42,node_t002-nxcore_energy,0.8330000042915344
43,node_t002-nxcore_energy,0.5581099987030029
44,node_t002-nxcore_energy,0.8330000042915344
45,node_t002-nxcore_energy,0.5581099987030029
46,node_t002-nxcore_energy,0.8330000042915344
47,node_t002-nxcore_energy,0.5581099987030029
48,node_t002-nxcore_energy,0.8330000042915344
49,node_t002-nxcore_energy,0.5581099987030029
0,node_t002-nxcore_cpu,2500.0
1,node_t002-nxcore_cpu,1000.0
2,node_t002-nxcore_cpu,3000.0
3,node_t002-nxcore_cpu,1000.0
4,node_t002-nxcore_cpu,3000.0
5,node_t002-nxcore_cpu,1000.0
6,node_t002-nxcore_cpu,3000.0
7,node_t002-nxcore_cpu,1000.0
8,node_t002-nxcore_cpu,3000.0
9,node_t002-nxcore_cpu,1000.0
10,node_t002-nxcore_cpu,2500.0
11,node_t002-nxcore_cpu,1000.0
12,node_t002-nxcore_cpu,3000.0
13,node_t002-nxcore_cpu,1000.0
14,node_t002-nxcore_cpu,3000.0
15,node_t002-nxcore_cpu,1000.0
16,node_t002-nxcore_cpu,3000.0
17,node_t002-nxcore_cpu,1000.0
18,node_t002-nxcore_cpu,3000.0
19,node_t002-nxcore_cpu,1000.0
20,node_t002-nxcore_cpu,2500.0
21,node_t002-nxcore_cpu,1000.0
22,node_t002-nxcore_cpu,3000.0
23,node_t002-nxcore_cpu,1000.0
24,node_t002-nxcore_cpu,3000.0
25,node_t002-nxcore_cpu,1000.0
26,node_t002-nxcore_cpu,3000.0
27,node_t002-nxcore_cpu,1000.0
28,node_t002-nxcore_cpu,3000.0
29,node_t002-nxcore_cpu,1000.0
30,node_t002-nxcore_cpu,2500.0
31,node_t002-nxcore_cpu,1000.0
32,node_t002-nxcore_cpu,3000.0
33,node_t002-nxcore_cpu,1000.0
34,node_t002-nxcore_cpu,3000.0
35,node_t002-nxcore_cpu,1000.0
36,node_t002-nxcore_cpu,3000.0
37,node_t002-nxcore_cpu,1000.0
38,node_t002-nxcore_cpu,3000.0
39,node_t002-nxcore_cpu,1000.0
40,node_t002-nxcore_cpu,2500.0
41,node_t002-nxcore_cpu,1000.0
42,node_t002-nxcore_cpu,3000.0
43,node_t002-nxcore_cpu,1000.0
44,node_t002-nxcore_cpu,3000.0
45,node_t002-nxcore_cpu,1000.0
46,node_t002-nxcore_cpu,3000.0
47,node_t002-nxcore_cpu,1000.0
48,node_t002-nxcore_cpu,3000.0
49,node_t002-nxcore_cpu,1000.0
0,node_t002-nxcore_memory,3695181824.0
1,node_t002-nxcore_memory,1073741824.0
2,node_t002-nxcore_memory,3430940672.0
3,node_t002-nxcore_memory,1073741824.0
4,node_t002-nxcore_memory,3430940672.0
5,node_t002-nxcore_memory,1073741824.0
6,node_t002-nxcore_memory,3430940672.0
7,node_t002-nxcore_memory,1073741824.0
8,node_t002-nxcore_memory,3430940672.0
9,node_t002-nxcore_memory,1073741824.0
10,node_t002-nxcore_memory,3695181824.0
11,node_t002-nxcore_memory,1073741824.0
12,node_t002-nxcore_memory,3430940672.0
13,node_t002-nxcore_memory,1073741824.0
14,node_t002-nxcore_memory,3430940672.0
15,node_t002-nxcore_memory,1073741824.0
16,node_t002-nxcore_memory,3430940672.0
17,node_t002-nxcore_memory,1073741824.0
18,node_t002-nxcore_memory,3430940672.0
19,node_t002-nxcore_memory,1073741824.0
20,node_t002-nxcore_memory,3695181824.0
21,node_t002-nxcore_memory,1073741824.0
22,node_t002-nxcore_memory,3430940672.0
23,node_t002-nxcore_memory,1073741824.0
24,node_t002-nxcore_memory,3430940672.0
25,node_t002-nxcore_memory,1073741824.0
26,node_t002-nxcore_memory,3430940672.0
27,node_t002-nxcore_memory,1073741824.0
28,node_t002-nxcore_memory,3430940672.0
29,node_t002-nxcore_memory,1073741824.0
30,node_t002-nxcore_memory,3695181824.0
31,node_t002-nxcore_memory,1073741824.0
32,node_t002-nxcore_memory,3430940672.0
33,node_t002-nxcore_memory,1073741824.0
34,node_t002-nxcore_memory,3430940672.0
35,node_t002-nxcore_memory,1073741824.0
36,node_t002-nxcore_memory,3430940672.0
37,node_t002-nxcore_memory,1073741824.0
38,node_t002-nxcore_memory,3430940672.0
39,node_t002-nxcore_memory,1073741824.0
40,node_t002-nxcore_memory,3695181824.0
41,node_t002-nxcore_memory,1073741824.0
42,node_t002-nxcore_memory,3430940672.0
43,node_t002-nxcore_memory,1073741824.0
44,node_t002-nxcore_memory,3430940672.0
45,node_t002-nxcore_memory,1073741824.0
46,node_t002-nxcore_memory,3430940672.0
47,node_t002-nxcore_memory,1073741824.0
48,node_t002-nxcore_memory,3430940672.0
49,node_t002-nxcore_memory,1073741824.0
0,node_t002-nxcore_power,9.199999809265137
1,node_t002-nxcore_power,6.699999809265137
2,node_t002-nxcore_power,10.0
3,node_t002-nxcore_power,6.699999809265137
4,node_t002-nxcore_power,10.0
5,node_t002-nxcore_power,6.699999809265137
6,node_t002-nxcore_power,10.0
7,node_t002-nxcore_power,6.699999809265137
8,node_t002-nxcore_power,10.0
9,node_t002-nxcore_power,6.699999809265137
10,node_t002-nxcore_power,9.199999809265137
11,node_t002-nxcore_power,6.699999809265137
12,node_t002-nxcore_power,10.0
13,node_t002-nxcore_power,6.699999809265137
14,node_t002-nxcore_power,10.0
15,node_t002-nxcore_power,6.699999809265137
16,node_t002-nxcore_power,10.0
17,node_t002-nxcore_power,6.699999809265137
18,node_t002-nxcore_power,10.0
19,node_t002-nxcore_power,6.699999809265137
20,node_t002-nxcore_power,9.199999809265137
21,node_t002-nxcore_power,6.699999809265137
22,node_t002-nxcore_power,10.0
23,node_t002-nxcore_power,6.699999809265137
24,node_t002-nxcore_power,10.0
25,node_t002-nxcore_power,6.699999809265137
26,node_t002-nxcore_power,10.0
27,node_t002-nxcore_power,6.699999809265137
28,node_t002-nxcore_power,10.0
29,node_t002-nxcore_power,6.699999809265137
30,node_t002-nxcore_power,9.199999809265137
31,node_t002-nxcore_power,6.699999809265137
32,node_t002-nxcore_power,10.0
33,node_t002-nxcore_power,6.699999809265137
34,node_t002-nxcore_power,10.0
35,node_t002-nxcore_power,6.699999809265137
36,node_t002-nxcore_power,10.0
37,node_t002-nxcore_power,6.699999809265137
38,node_t002-nxcore_power,10.0
39,node_t002-nxcore_power,6.699999809265137
40,node_t002-nxcore_power,9.199999809265137
41,node_t002-nxcore_power,6.699999809265137
42,node_t002-nxcore_power,10.0
43,node_t002-nxcore_power,6.699999809265137
44,node_t002-nxcore_power,10.0
45,node_t002-nxcore_power,6.699999809265137
46,node_t002-nxcore_power,10.0
47,node_t002-nxcore_power,6.699999809265137
48,node_t002-nxcore_power,10.0
49,node_t002-nxcore_power,6.699999809265137
0,node_t002-nxcore_power_moving_average,9.199999809265137
1,node_t002-nxcore_power_moving_average,6.699999809265137
2,node_t002-nxcore_power_moving_average,10.0
3,node_t002-nxcore_power_moving_average,6.699999809265137
4,node_t002-nxcore_power_moving_average,10.0
5,node_t002-nxcore_power_moving_average,6.699999809265137
6,node_t002-nxcore_power_moving_average,10.0
7,node_t002-nxcore_power_moving_average,6.699999809265137
8,node_t002-nxcore_power_moving_average,10.0
9,node_t002-nxcore_power_moving_average,6.699999809265137
10,node_t002-nxcore_power_moving_average,9.199999809265137
11,node_t002-nxcore_power_moving_average,6.699999809265137
12,node_t002-nxcore_power_moving_average,10.0
13,node_t002-nxcore_power_moving_average,6.699999809265137
14,node_t002-nxcore_power_moving_average,10.0
15,node_t002-nxcore_power_moving_average,6.699999809265137
16,node_t002-nxcore_power_moving_average,10.0
17,node_t002-nxcore_power_moving_average,6.699999809265137
18,node_t002-nxcore_power_moving_average,10.0
19,node_t002-nxcore_power_moving_average,6.699999809265137
20,node_t002-nxcore_power_moving_average,9.199999809265137
21,node_t002-nxcore_power_moving_average,6.699999809265137
22,node_t002-nxcore_power_moving_average,10.0
23,node_t002-nxcore_power_moving_average,6.699999809265137
24,node_t002-nxcore_power_moving_average,10.0
25,node_t002-nxcore_power_moving_average,6.699999809265137
26,node_t002-nxcore_power_moving_average,10.0
27,node_t002-nxcore_power_moving_average,6.699999809265137
28,node_t002-nxcore_power_moving_average,10.0
29,node_t002-nxcore_power_moving_average,6.699999809265137
30,node_t002-nxcore_power_moving_average,9.199999809265137
31,node_t002-nxcore_power_moving_average,6.699999809265137
32,node_t002-nxcore_power_moving_average,10.0
33,node_t002-nxcore_power_moving_average,6.699999809265137
34,node_t002-nxcore_power_moving_average,10.0
35,node_t002-nxcore_power_moving_average,6.699999809265137
36,node_t002-nxcore_power_moving_average,10.0
37,node_t002-nxcore_power_moving_average,6.699999809265137
38,node_t002-nxcore_power_moving_average,10.0
39,node_t002-nxcore_power_moving_average,6.699999809265137
40,node_t002-nxcore_power_moving_average,9.199999809265137
41,node_t002-nxcore_power_moving_average,6.699999809265137
42,node_t002-nxcore_power_moving_average,10.0
43,node_t002-nxcore_power_moving_average,6.699999809265137
44,node_t002-nxcore_power_moving_average,10.0
45,node_t002-nxcore_power_moving_average,6.699999809265137
46,node_t002-nxcore_power_moving_average,10.0
47,node_t002-nxcore_power_moving_average,6.699999809265137
48,node_t002-nxcore_power_moving_average,10.0
49,node_t002-nxcore_power_moving_average,6.699999809265137
0,node_t002-nxcore_finished_workloads,2.0
1,node_t002-nxcore_finished_workloads,3.0
2,node_t002-nxcore_finished_workloads,5.0
3,node_t002-nxcore_finished_workloads,6.0
4,node_t002-nxcore_finished_workloads,8.0
5,node_t002-nxcore_finished_workloads,9.0
6,node_t002-nxcore_finished_workloads,11.0
7,node_t002-nxcore_finished_workloads,12.0
8,node_t002-nxcore_finished_workloads,14.0
9,node_t002-nxcore_finished_workloads,15.0
10,node_t002-nxcore_finished_workloads,17.0
11,node_t002-nxcore_finished_workloads,18.0
12,node_t002-nxcore_finished_workloads,20.0
13,node_t002-nxcore_finished_workloads,21.0
14,node_t002-nxcore_finished_workloads,23.0
15,node_t002-nxcore_finished_workloads,24.0
16,node_t002-nxcore_finished_workloads,26.0
17,node_t002-nxcore_finished_workloads,27.0
18,node_t002-nxcore_finished_workloads,29.0
19,node_t002-nxcore_finished_workloads,30.0
20,node_t002-nxcore_finished_workloads,32.0
21,node_t002-nxcore_finished_workloads,33.0
22,node_t002-nxcore_finished_workloads,35.0
23,node_t002-nxcore_finished_workloads,36.0
24,node_t002-nxcore_finished_workloads,38.0
25,node_t002-nxcore_finished_workloads,39.0
26,node_t002-nxcore_finished_workloads,41.0
27,node_t002-nxcore_finished_workloads,42.0
28,node_t002-nxcore_finished_workloads,44.0
29,node_t002-nxcore_finished_workloads,45.0
30,node_t002-nxcore_finished_workloads,47.0
31,node_t002-nxcore_finished_workloads,48.0
32,node_t002-nxcore_finished_workloads,50.0
33,node_t002-nxcore_finished_workloads,51.0
34,node_t002-nxcore_finished_workloads,53.0
35,node_t002-nxcore_finished_workloads,54.0
36,node_t002-nxcore_finished_workloads,56.0
37,node_t002-nxcore_finished_workloads,57.0
38,node_t002-nxcore_finished_workloads,59.0
39,node_t002-nxcore_finished_workloads,60.0
40,node_t002-nxcore_finished_workloads,62.0
41,node_t002-nxcore_finished_workloads,63.0
42,node_t002-nxcore_finished_workloads,65.0
43,node_t002-nxcore_finished_workloads,66.0
44,node_t002-nxcore_finished_workloads,68.0
45,node_t002-nxcore_finished_workloads,69.0
46,node_t002-nxcore_finished_workloads,71.0
47,node_t002-nxcore_finished_workloads,72.0
48,node_t002-nxcore_finished_workloads,74.0
49,node_t002-nxcore_finished_workloads,75.0
0,node_t002-nxcore_running_workloads,0.0
1,node_t002-nxcore_running_workloads,0.0
2,node_t002-nxcore_running_workloads,0.0
3,node_t002-nxcore_running_workloads,0.0
4,node_t002-nxcore_running_workloads,0.0
5,node_t002-nxcore_running_workloads,0.0
6,node_t002-nxcore_running_workloads,0.0
7,node_t002-nxcore_running_workloads,0.0
8,node_t002-nxcore_running_workloads,0.0
9,node_t002-nxcore_running_workloads,0.0
10,node_t002-nxcore_running_workloads,0.0
11,node_t002-nxcore_running_workloads,0.0
12,node_t002-nxcore_running_workloads,0.0
13,node_t002-nxcore_running_workloads,0.0
14,node_t002-nxcore_running_workloads,0.0
15,node_t002-nxcore_running_workloads,0.0
16,node_t002-nxcore_running_workloads,0.0
17,node_t002-nxcore_running_workloads,0.0
18,node_t002-nxcore_running_workloads,0.0
19,node_t002-nxcore_running_workloads,0.0
20,node_t002-nxcore_running_workloads,0.0
21,node_t002-nxcore_running_workloads,0.0
22,node_t002-nxcore_running_workloads,0.0
23,node_t002-nxcore_running_workloads,0.0
24,node_t002-nxcore_running_workloads,0.0
25,node_t002-nxcore_running_workloads,0.0
26,node_t002-nxcore_running_workloads,0.0
27,node_t002-nxcore_running_workloads,0.0
28,node_t002-nxcore_running_workloads,0.0
29,node_t002-nxcore_running_workloads,0.0
30,node_t002-nxcore_running_workloads,0.0
31,node_t002-nxcore_running_workloads,0.0
32,node_t002-nxcore_running_workloads,0.0
33,node_t002-nxcore_running_workloads,0.0
34,node_t002-nxcore_running_workloads,0.0
35,node_t002-nxcore_running_workloads,0.0
36,node_t002-nxcore_running_workloads,0.0
37,node_t002-nxcore_running_workloads,0.0
38,node_t002-nxcore_running_workloads,0.0
39,node_t002-nxcore_running_workloads,0.0
40,node_t002-nxcore_running_workloads,0.0
41,node_t002-nxcore_running_workloads,0.0
42,node_t002-nxcore_running_workloads,0.0
43,node_t002-nxcore_running_workloads,0.0
44,node_t002-nxcore_running_workloads,0.0
45,node_t002-nxcore_running_workloads,0.0
46,node_t002-nxcore_running_workloads,0.0
47,node_t002-nxcore_running_workloads,0.0
48,node_t002-nxcore_running_workloads,0.0
49,node_t002-nxcore_running_workloads,0.0
0,cluster_pending_workloads,0.0
1,cluster_pending_workloads,0.0
2,cluster_pending_workloads,0.0
3,cluster_pending_workloads,0.0
4,cluster_pending_workloads,0.0
5,cluster_pending_workloads,0.0
6,cluster_pending_workloads,0.0
7,cluster_pending_workloads,0.0
8,cluster_pending_workloads,0.0
9,cluster_pending_workloads,0.0
10,cluster_pending_workloads,0.0
11,cluster_pending_workloads,0.0
12,cluster_pending_workloads,0.0
13,cluster_pending_workloads,0.0
14,cluster_pending_workloads,0.0
15,cluster_pending_workloads,0.0
16,cluster_pending_workloads,0.0
17,cluster_pending_workloads,0.0
18,cluster_pending_workloads,0.0
19,cluster_pending_workloads,0.0
20,cluster_pending_workloads,0.0
21,cluster_pending_workloads,0.0
22,cluster_pending_workloads,0.0
23,cluster_pending_workloads,0.0
24,cluster_pending_workloads,0.0
25,cluster_pending_workloads,0.0
26,cluster_pending_workloads,0.0
27,cluster_pending_workloads,0.0
28,cluster_pending_workloads,0.0
29,cluster_pending_workloads,0.0
30,cluster_pending_workloads,0.0
31,cluster_pending_workloads,0.0
32,cluster_pending_workloads,0.0
33,cluster_pending_workloads,0.0
34,cluster_pending_workloads,0.0
35,cluster_pending_workloads,0.0
36,cluster_pending_workloads,0.0
37,cluster_pending_workloads,0.0
38,cluster_pending_workloads,0.0
39,cluster_pending_workloads,0.0
40,cluster_pending_workloads,0.0
41,cluster_pending_workloads,0.0
42,cluster_pending_workloads,0.0
43,cluster_pending_workloads,0.0
44,cluster_pending_workloads,0.0
45,cluster_pending_workloads,0.0
46,cluster_pending_workloads,0.0
47,cluster_pending_workloads,0.0
48,cluster_pending_workloads,0.0
49,cluster_pending_workloads,0.0
0,cluster_total_workloads,5.0
1,cluster_total_workloads,7.0
2,cluster_total_workloads,11.0
3,cluster_total_workloads,13.0
4,cluster_total_workloads,17.0
5,cluster_total_workloads,19.0
6,cluster_total_workloads,23.0
7,cluster_total_workloads,25.0
8,cluster_total_workloads,29.0
9,cluster_total_workloads,31.0
10,cluster_total_workloads,36.0
11,cluster_total_workloads,38.0
12,cluster_total_workloads,42.0
13,cluster_total_workloads,44.0
14,cluster_total_workloads,48.0
15,cluster_total_workloads,50.0
16,cluster_total_workloads,54.0
17,cluster_total_workloads,56.0
18,cluster_total_workloads,60.0
19,cluster_total_workloads,62.0
20,cluster_total_workloads,67.0
21,cluster_total_workloads,69.0
22,cluster_total_workloads,73.0
23,cluster_total_workloads,75.0
24,cluster_total_workloads,79.0
25,cluster_total_workloads,81.0
26,cluster_total_workloads,85.0
27,cluster_total_workloads,87.0
28,cluster_total_workloads,91.0
29,cluster_total_workloads,93.0
30,cluster_total_workloads,98.0
31,cluster_total_workloads,100.0
32,cluster_total_workloads,104.0
33,cluster_total_workloads,106.0
34,cluster_total_workloads,110.0
35,cluster_total_workloads,112.0
36,cluster_total_workloads,116.0
37,cluster_total_workloads,118.0
38,cluster_total_workloads,122.0
39,cluster_total_workloads,124.0
40,cluster_total_workloads,129.0
41,cluster_total_workloads,131.0
42,cluster_total_workloads,135.0
43,cluster_total_workloads,137.0
44,cluster_total_workloads,141.0
45,cluster_total_workloads,143.0
46,cluster_total_workloads,147.0
47,cluster_total_workloads,149.0
48,cluster_total_workloads,153.0
49,cluster_total_workloads,155.0
0,cluster_qos_data_production,1.0
1,cluster_qos_data_production,1.0
2,cluster_qos_data_production,1.0
3,cluster_qos_data_production,1.0
4,cluster_qos_data_production,1.0
5,cluster_qos_data_production,1.0
6,cluster_qos_data_production,1.0
7,cluster_qos_data_production,1.0
8,cluster_qos_data_production,1.0
9,cluster_qos_data_production,1.0
10,cluster_qos_data_production,1.0
11,cluster_qos_data_production,1.0
12,cluster_qos_data_production,1.0
13,cluster_qos_data_production,1.0
14,cluster_qos_data_production,1.0
15,cluster_qos_data_production,1.0
16,cluster_qos_data_production,1.0
17,cluster_qos_data_production,1.0
18,cluster_qos_data_production,1.0
19,cluster_qos_data_production,1.0
20,cluster_qos_data_production,1.0
21,cluster_qos_data_production,1.0
22,cluster_qos_data_production,1.0
23,cluster_qos_data_production,1.0
24,cluster_qos_data_production,1.0
25,cluster_qos_data_production,1.0
26,cluster_qos_data_production,1.0
27,cluster_qos_data_production,1.0
28,cluster_qos_data_production,1.0
29,cluster_qos_data_production,1.0
30,cluster_qos_data_production,1.0
31,cluster_qos_data_production,1.0
32,cluster_qos_data_production,1.0
33,cluster_qos_data_production,1.0
34,cluster_qos_data_production,1.0
35,cluster_qos_data_production,1.0
36,cluster_qos_data_production,1.0
37,cluster_qos_data_production,1.0
38,cluster_qos_data_production,1.0
39,cluster_qos_data_production,1.0
40,cluster_qos_data_production,1.0
41,cluster_qos_data_production,1.0
42,cluster_qos_data_production,1.0
43,cluster_qos_data_production,1.0
44,cluster_qos_data_production,1.0
45,cluster_qos_data_production,1.0
46,cluster_qos_data_production,1.0
47,cluster_qos_data_production,1.0
48,cluster_qos_data_production,1.0
49,cluster_qos_data_production,1.0
